file,real_target,pred_target,is_same
Ai85b.jpg,Ai85b,zThfL,0
cSh6W.jpg,cSh6W,LEHYO,0
5D5a7.jpg,5D5a7,zXcvI,0
HvUD5.jpg,HvUD5,pcUGr,0
XN0yr.jpg,XN0yr,MVz8r,0
CV9tv.jpg,CV9tv,ZHbMz,0
joexj.jpg,joexj,oFYgo,0
MsmMx.jpg,MsmMx,IfPha,0
7TXj9.jpg,7TXj9,tFAZF,0
lAAEL.jpg,lAAEL,tdnsv,0
JMp7e.jpg,JMp7e,yuk6L,0
4sWPp.jpg,4sWPp,9brmK,0
CZY4X.jpg,CZY4X,8sB8I,0
LsFRt.jpg,LsFRt,trIyt,0
3R3gY.jpg,3R3gY,TRT1X,0
j5hUf.jpg,j5hUf,z3YCo,0
ni4Jh.jpg,ni4Jh,IJyho,0
7V7zM.jpg,7V7zM,2VcBX,0
26Wd6.jpg,26Wd6,TWzYG,0
QvLKv.jpg,QvLKv,OCCQ8,0
16M0X.jpg,16M0X,omBAt,0
cIgFM.jpg,cIgFM,9uazT,0
bAXvE.jpg,bAXvE,OXsrE,0
pp7l3.jpg,pp7l3,UsLxQ,0
hl8T4.jpg,hl8T4,mQubQ,0
0spBM.jpg,0spBM,QBGCl,0
3oX83.jpg,3oX83,rPngf,0
3l4kH.jpg,3l4kH,surVz,0
NqrPp.jpg,NqrPp,Ih1Ty,0
7QZhJ.jpg,7QZhJ,rZVvr,0
aZ7qS.jpg,aZ7qS,skrb1,0
1NO42.jpg,1NO42,cPmQz,0
Hafmj.jpg,Hafmj,nEEpe,0
KW2Om.jpg,KW2Om,CVzmU,0
Q3hv5.jpg,Q3hv5,W3Ncc,0
9V07X.jpg,9V07X,sAUKG,0
l3M3g.jpg,l3M3g,MdEvr,0
dc9Lr.jpg,dc9Lr,1rCs6,0
ZGUWs.jpg,ZGUWs,pGUCL,0
5C8e8.jpg,5C8e8,musdY,0
H0tTN.jpg,H0tTN,ZcpbX,0
N1u1Z.jpg,N1u1Z,pysoZ,0
xYUX8.jpg,xYUX8,xYAyF,0
7f3EM.jpg,7f3EM,yVGpB,0
YyEDX.jpg,YyEDX,RMaI7,0
186i3.jpg,186i3,Psn5Q,0
e2gMj.jpg,e2gMj,p1mXI,0
oYW0I.jpg,oYW0I,CBslG,0
H415R.jpg,H415R,UpJBE,0
F7U55.jpg,F7U55,NhshI,0
0HZ14.jpg,0HZ14,UpcEC,0
Hwg0X.jpg,Hwg0X,nTDbB,0
ixi5d.jpg,ixi5d,8VnpL,0
49LqB.jpg,49LqB,ImUAZ,0
gw27y.jpg,gw27y,LdgTV,0
YKqk9.jpg,YKqk9,hpGLU,0
4xyqg.jpg,4xyqg,Apzsc,0
lePBE.jpg,lePBE,BIAbF,0
5StWq.jpg,5StWq,JsJUG,0
52F3T.jpg,52F3T,ZRJns,0
MZ7fQ.jpg,MZ7fQ,upyA1,0
353x7.jpg,353x7,7pkzE,0
neorM.jpg,neorM,p8Lrm,0
BxRGi.jpg,BxRGi,HJvvi,0
Ciw9I.jpg,Ciw9I,C1yMI,0
2Q76G.jpg,2Q76G,rAi1I,0
y90w5.jpg,y90w5,DQnoB,0
Tl68w.jpg,Tl68w,rpYha,0
Qm1tJ.jpg,Qm1tJ,UatIu,0
uMAJK.jpg,uMAJK,ERkUs,0
Ky1Fw.jpg,Ky1Fw,iFMHc,0
3K5NH.jpg,3K5NH,p0rCV,0
n5y77.jpg,n5y77,sGnxs,0
7hz9e.jpg,7hz9e,nwPBs,0
oux5n.jpg,oux5n,ik7FA,0
Mlm7D.jpg,Mlm7D,meYsb,0
qxy37.jpg,qxy37,bJSDm,0
7eCDY.jpg,7eCDY,pFAIy,0
9iz52.jpg,9iz52,HcVIr,0
5K0aX.jpg,5K0aX,GVsBG,0
87QsB.jpg,87QsB,spXaY,0
8nv8b.jpg,8nv8b,LB5NV,0
MapRL.jpg,MapRL,nsPpG,0
s0K29.jpg,s0K29,rlVIp,0
lH2Dn.jpg,lH2Dn,Iw6RN,0
awYa8.jpg,awYa8,vUIvM,0
YGK7n.jpg,YGK7n,bWMpI,0
PygK2.jpg,PygK2,AhFr8,0
o3yd9.jpg,o3yd9,LrtmA,0
wDvLL.jpg,wDvLL,GzXPN,0
of8ZS.jpg,of8ZS,TG7IX,0
9xuqf.jpg,9xuqf,OCmpd,0
QY7A9.jpg,QY7A9,zbtI3,0
HBQdt.jpg,HBQdt,mAkcr,0
9gyR9.jpg,9gyR9,rgdnI,0
Njr4x.jpg,Njr4x,ABJWS,0
4ws5D.jpg,4ws5D,5nzsL,0
xVeyJ.jpg,xVeyJ,HB1Ix,0
wx2h7.jpg,wx2h7,B8b2h,0
0LF1g.jpg,0LF1g,ZdrCc,0
rS56X.jpg,rS56X,TgzXs,0
2z03p.jpg,2z03p,PLsAp,0
KUkcK.jpg,KUkcK,U2LFy,0
A4eR3.jpg,A4eR3,HypU9,0
d9SHt.jpg,d9SHt,np1Hx,0
0Ej0c.jpg,0Ej0c,uUSzU,0
pvp4x.jpg,pvp4x,fszir,0
N6pbl.jpg,N6pbl,lHpP1,0
ti4T3.jpg,ti4T3,TXGGT,0
DOg1b.jpg,DOg1b,kyIMD,0
2oV98.jpg,2oV98,tAzca,0
k2e0e.jpg,k2e0e,elIpM,0
1y9yk.jpg,1y9yk,hmUbO,0
12iO4.jpg,12iO4,MEdhB,0
fi63V.jpg,fi63V,IIUiE,0
988R6.jpg,988R6,csDTl,0
4O39t.jpg,4O39t,toJkM,0
5SvCG.jpg,5SvCG,GSsBm,0
4951H.jpg,4951H,iIDsH,0
2Qb4F.jpg,2Qb4F,J1wnz,0
1go7T.jpg,1go7T,s9HCE,0
lk9FC.jpg,lk9FC,d4mFT,0
0v1bG.jpg,0v1bG,ro8hc,0
D0Wt4.jpg,D0Wt4,Imnxo,0
1v4hE.jpg,1v4hE,8Wl1m,0
7sG6E.jpg,7sG6E,rdGBK,0
E1hfy.jpg,E1hfy,kJLAB,0
ufo81.jpg,ufo81,Bnp1I,0
ZQnp2.jpg,ZQnp2,HI1Kr,0
99afL.jpg,99afL,DGAoJ,0
Y3696.jpg,Y3696,AFnrP,0
99HNN.jpg,99HNN,LsV6G,0
UANim.jpg,UANim,hTNcM,0
9kY51.jpg,9kY51,nsFsZ,0
37cTz.jpg,37cTz,pssVn,0
ICCnb.jpg,ICCnb,UB2cg,0
3XaN9.jpg,3XaN9,8cpnN,0
10kKk.jpg,10kKk,GhBY1,0
rv4xR.jpg,rv4xR,sLn5b,0
i0Ti6.jpg,i0Ti6,VTTG1,0
4SIQe.jpg,4SIQe,cRCzG,0
Ny2Go.jpg,Ny2Go,QB1wm,0
hvQV6.jpg,hvQV6,H8BY2,0
6pH4K.jpg,6pH4K,cGMsz,0
d0CSh.jpg,d0CSh,oHVsh,0
59tfL.jpg,59tfL,kGMIo,0
g39u7.jpg,g39u7,hP4Md,0
39hS0.jpg,39hS0,VrrpG,0
7YTgX.jpg,7YTgX,ZmpFh,0
jt9DH.jpg,jt9DH,rUQAE,0
SWcQY.jpg,SWcQY,pAPVr,0
dpfFo.jpg,dpfFo,nupaG,0
1GjY6.jpg,1GjY6,BBTlF,0
vQtaw.jpg,vQtaw,88MOr,0
CNE72.jpg,CNE72,ZpzLx,0
hn5u9.jpg,hn5u9,Lzncs,0
Bq2vY.jpg,Bq2vY,pVmNs,0
kpyMW.jpg,kpyMW,OOhub,0
221gk.jpg,221gk,BLFdP,0
696z0.jpg,696z0,Tue1A,0
UNHzs.jpg,UNHzs,sm1VT,0
593ah.jpg,593ah,pXpIV,0
H2EfF.jpg,H2EfF,IGvJf,0
VR55Q.jpg,VR55Q,TVsIT,0
xSg02.jpg,xSg02,o88st,0
j4eg0.jpg,j4eg0,1tBAz,0
z2xz0.jpg,z2xz0,SMAAP,0
XqA29.jpg,XqA29,orywL,0
021MM.jpg,021MM,Gxxbs,0
6aaeo.jpg,6aaeo,VIPxz,0
95K04.jpg,95K04,c2pXY,0
szy25.jpg,szy25,saGNE,0
Uf915.jpg,Uf915,IpaSJ,0
sV3P8.jpg,sV3P8,ZnspZ,0
s2Xb4.jpg,s2Xb4,MJyc6,0
2OVDK.jpg,2OVDK,GIyLr,0
p6rlf.jpg,p6rlf,MaUxu,0
S1Fx3.jpg,S1Fx3,zjAMB,0
GjSb9.jpg,GjSb9,Lsme1,0
Z3S9B.jpg,Z3S9B,4SMXE,0
X6Srq.jpg,X6Srq,nkpJc,0
0yR9n.jpg,0yR9n,cuzvM,0
1yY2c.jpg,1yY2c,EWXCE,0
HwZ68.jpg,HwZ68,mMB81,0
LEUWG.jpg,LEUWG,TJanH,0
Tbx2n.jpg,Tbx2n,WCVCr,0
8WO72.jpg,8WO72,zWmcL,0
3q26e.jpg,3q26e,JDtAc,0
3uw8J.jpg,3uw8J,TCMrP,0
fZoxt.jpg,fZoxt,czGPn,0
0C5DL.jpg,0C5DL,gzLns,0
eV3mW.jpg,eV3mW,IABra,0
92NO5.jpg,92NO5,I2pMc,0
v5jj6.jpg,v5jj6,cNnRr,0
eRJJq.jpg,eRJJq,wDICG,0
xH2LU.jpg,xH2LU,emaCc,0
gQbEH.jpg,gQbEH,BJvHH,0
sZe84.jpg,sZe84,JcUAh,0
djVUP.jpg,djVUP,GAbhB,0
H8B0U.jpg,H8B0U,A1iJs,0
l263l.jpg,l263l,gUTBl,0
035Qk.jpg,035Qk,adynT,0
5rQei.jpg,5rQei,rsuXZ,0
c2Wqs.jpg,c2Wqs,ruzns,0
2S0LU.jpg,2S0LU,prsPn,0
eDk5K.jpg,eDk5K,oAXpa,0
86jP3.jpg,86jP3,Lm8Oh,0
c28T5.jpg,c28T5,7lCar,0
xcg9J.jpg,xcg9J,CsXVC,0
8p6V2.jpg,8p6V2,Tnr3e,0
bx5H0.jpg,bx5H0,spaZb,0
uwV89.jpg,uwV89,rLVdS,0
hz80t.jpg,hz80t,BGbMG,0
eo867.jpg,eo867,eoEwF,0
FddWd.jpg,FddWd,sscZX,0
tlME2.jpg,tlME2,WMpBW,0
7cD7t.jpg,7cD7t,tlABT,0
u2Ziz.jpg,u2Ziz,BrMLT,0
KvcYU.jpg,KvcYU,prckA,0
eV0g4.jpg,eV0g4,cnptV,0
4E4eb.jpg,4E4eb,cMc1d,0
F2B0J.jpg,F2B0J,6I6pU,0
hNwn3.jpg,hNwn3,8hsVI,0
g0Q3x.jpg,g0Q3x,UnCco,0
KGg9a.jpg,KGg9a,L0pna,0
rpw61.jpg,rpw61,vOUmp,0
19pJ1.jpg,19pJ1,jXmh4,0
5v3Lf.jpg,5v3Lf,76CrI,0
B7HkR.jpg,B7HkR,8paMY,0
PsMp3.jpg,PsMp3,pznb1,0
MLh6e.jpg,MLh6e,eBmVs,0
8IM13.jpg,8IM13,YIsGA,0
ce0VY.jpg,ce0VY,oNIIT,0
312Dk.jpg,312Dk,r1JVU,0
qQKso.jpg,qQKso,QAPz2,0
3YB9T.jpg,3YB9T,p6mVx,0
QfQ16.jpg,QfQ16,GocFB,0
li9Oj.jpg,li9Oj,II8sh,0
8W29x.jpg,8W29x,I00Bt,0
5XFmM.jpg,5XFmM,BBsmO,0
wD7Oq.jpg,wD7Oq,absm9,0
xT2ej.jpg,xT2ej,ccVph,0
gyO32.jpg,gyO32,gEU3C,0
TBpdU.jpg,TBpdU,EpvXH,0
35yps.jpg,35yps,BG7Db,0
fM3OF.jpg,fM3OF,pHPXL,0
JqaB1.jpg,JqaB1,oNlcy,0
CDu57.jpg,CDu57,NVsJp,0
dmwEw.jpg,dmwEw,GLFnG,0
P78J1.jpg,P78J1,AAss5,0
7dQb9.jpg,7dQb9,FJmPB,0
YNb4g.jpg,YNb4g,pshFA,0
WhN9g.jpg,WhN9g,cJHGC,0
bsSh5.jpg,bsSh5,sRIr1,0
GL056.jpg,GL056,LBVxp,0
Rhjw4.jpg,Rhjw4,3oGMC,0
bZXW0.jpg,bZXW0,KlDrU,0
ee6J1.jpg,ee6J1,eTroi,0
UvI00.jpg,UvI00,vjLiU,0
Ufxbp.jpg,Ufxbp,AmrAp,0
3szoJ.jpg,3szoJ,VLV7h,0
z9JEy.jpg,z9JEy,pnIhA,0
vRrGa.jpg,vRrGa,oGUGI,0
OAGI5.jpg,OAGI5,Bre1F,0
QRgTp.jpg,QRgTp,nPVxT,0
gx527.jpg,gx527,uv1RT,0
sy5wJ.jpg,sy5wJ,fh6Pr,0
oXJ0x.jpg,oXJ0x,8tApp,0
iqHz2.jpg,iqHz2,ENCFF,0
M7774.jpg,M7774,WAGBi,0
j7yst.jpg,j7yst,UZApH,0
0BFu8.jpg,0BFu8,tdOrh,0
Ff8Hl.jpg,Ff8Hl,EEdvV,0
tjH15.jpg,tjH15,SovlA,0
41k8l.jpg,41k8l,TMdGT,0
4g6RA.jpg,4g6RA,ogXxc,0
Ba7oQ.jpg,Ba7oQ,LMpH8,0
npQ5c.jpg,npQ5c,cLh5b,0
RJRi4.jpg,RJRi4,hdAPk,0
adCvT.jpg,adCvT,MVMpW,0
R0gy0.jpg,R0gy0,BNPAR,0
9wQQa.jpg,9wQQa,OImPr,0
fMm10.jpg,fMm10,m1h3G,0
GDzHJ.jpg,GDzHJ,XrID2,0
9k1nU.jpg,9k1nU,RBnEs,0
5CIm4.jpg,5CIm4,sCbrn,0
8HQ10.jpg,8HQ10,yBzGA,0
5Y1qn.jpg,5Y1qn,u1nTV,0
78YmB.jpg,78YmB,rQiAP,0
8902a.jpg,8902a,WYIrr,0
ipfD3.jpg,ipfD3,dCmRz,0
jH2gt.jpg,jH2gt,sBez7,0
nSA8b.jpg,nSA8b,UdmgC,0
24g19.jpg,24g19,zmzEC,0
q3QPK.jpg,q3QPK,oFyyc,0
VV4LT.jpg,VV4LT,Vn4L9,0
LSkIm.jpg,LSkIm,oGxoE,0
Ltb6e.jpg,Ltb6e,NPRuJ,0
2IE7w.jpg,2IE7w,npNpT,0
i4Cc7.jpg,i4Cc7,d2YkL,0
aH3su.jpg,aH3su,x1BpV,0
RvvxH.jpg,RvvxH,cvXBM,0
M6xMP.jpg,M6xMP,xIOQs,0
1ZVKE.jpg,1ZVKE,QnBUP,0
a3We7.jpg,a3We7,osshZ,0
12jni.jpg,12jni,tJmpo,0
o60h4.jpg,o60h4,2VNhI,0
5huP2.jpg,5huP2,MGMjb,0
LO3JC.jpg,LO3JC,TINBr,0
tqD7a.jpg,tqD7a,cVBUl,0
4W0tV.jpg,4W0tV,GNfyn,0
4ERDj.jpg,4ERDj,sZVXr,0
Vf6f0.jpg,Vf6f0,mUb5Y,0
D7zrz.jpg,D7zrz,ALpJc,0
C8EP2.jpg,C8EP2,CZYEy,0
e484I.jpg,e484I,kcdzI,0
j0Ic9.jpg,j0Ic9,1sLnG,0
7585V.jpg,7585V,IB1yI,0
rob7j.jpg,rob7j,HIMsl,0
1sn9e.jpg,1sn9e,saNbJ,0
AuTlY.jpg,AuTlY,c8CBB,0
C2Jf1.jpg,C2Jf1,5VVdp,0
3Ry9e.jpg,3Ry9e,wUCtr,0
WUQ6N.jpg,WUQ6N,pGInI,0
3r7m7.jpg,3r7m7,PBXCj,0
31ZI9.jpg,31ZI9,iJMUh,0
3N2nl.jpg,3N2nl,LzVIM,0
XCk62.jpg,XCk62,GhBIx,0
23lxX.jpg,23lxX,QFBrZ,0
1qQZ0.jpg,1qQZ0,zILPV,0
S2Qd0.jpg,S2Qd0,uTdH2,0
9LDlo.jpg,9LDlo,1ULAh,0
4m70r.jpg,4m70r,VacOs,0
624N2.jpg,624N2,Mh2a1,0
0BQ7q.jpg,0BQ7q,FOXsY,0
ls3Yc.jpg,ls3Yc,pAz1v,0
7FAj7.jpg,7FAj7,zTYPI,0
3U622.jpg,3U622,sECCt,0
i46MS.jpg,i46MS,PB5JM,0
V230u.jpg,V230u,G2LTb,0
E347E.jpg,E347E,aPG7P,0
0oV6Z.jpg,0oV6Z,3sAkm,0
BchuK.jpg,BchuK,cSAPX,0
qXBZ8.jpg,qXBZ8,QMNlP,0
G40HS.jpg,G40HS,HMJpm,0
pfs2A.jpg,pfs2A,XzCcs,0
954pS.jpg,954pS,kICpc,0
JcJWP.jpg,JcJWP,ErCXW,0
3zS1d.jpg,3zS1d,sInpb,0
414y2.jpg,414y2,ZZssI,0
6b291.jpg,6b291,RrBGA,0
7biLm.jpg,7biLm,6CUsE,0
y07ax.jpg,y07ax,MueFW,0
w5gCZ.jpg,w5gCZ,Pph8I,0
67SpO.jpg,67SpO,mBRan,0
H0UwN.jpg,H0UwN,yJVGO,0
247b9.jpg,247b9,AhkPo,0
iN0pZ.jpg,iN0pZ,BFQ6G,0
VIjF8.jpg,VIjF8,AmpFp,0
FAlL4.jpg,FAlL4,dna1X,0
0w88N.jpg,0w88N,TnuGm,0
Wv7rs.jpg,Wv7rs,sGBpM,0
8Aizv.jpg,8Aizv,IceXv,0
0x0Rt.jpg,0x0Rt,rPiM9,0
FU94D.jpg,FU94D,ThBVr,0
25rcT.jpg,25rcT,sGjBH,0
7FVPa.jpg,7FVPa,cBnye,0
XQqY1.jpg,XQqY1,xMCqc,0
YYR9y.jpg,YYR9y,QmAMo,0
s12dX.jpg,s12dX,yUI1H,0
R03e0.jpg,R03e0,gItDH,0
0Mgy3.jpg,0Mgy3,d7Ghm,0
4uTB9.jpg,4uTB9,gU2BD,0
GBDk0.jpg,GBDk0,MiJsx,0
59B4B.jpg,59B4B,zJCmX,0
P8GVM.jpg,P8GVM,8npcP,0
HGP1X.jpg,HGP1X,nLsPd,0
bZFRJ.jpg,bZFRJ,lnC8p,0
hv0Ij.jpg,hv0Ij,eiOEH,0
1i634.jpg,1i634,1Bk37,0
1K0eQ.jpg,1K0eQ,PYzsI,0
E5x8P.jpg,E5x8P,XCzyz,0
FutN9.jpg,FutN9,HszbJ,0
cmw2E.jpg,cmw2E,NVpIT,0
2VnNK.jpg,2VnNK,yCIXc,0
IFh8h.jpg,IFh8h,IXnes,0
KZk07.jpg,KZk07,pBANp,0
8sayU.jpg,8sayU,npIsr,0
3465O.jpg,3465O,VVPTI,0
eP00x.jpg,eP00x,eLMz1,0
4vo8V.jpg,4vo8V,btfAU,0
6VW80.jpg,6VW80,x2tbA,0
i2R9o.jpg,i2R9o,ByPvB,0
V1vlo.jpg,V1vlo,AyepT,0
9l08X.jpg,9l08X,LZGhF,0
4Tk7n.jpg,4Tk7n,sAfkZ,0
LLa6g.jpg,LLa6g,IBRAA,0
1k6W5.jpg,1k6W5,1YFmo,0
0Kp6J.jpg,0Kp6J,IDsA1,0
NQyUk.jpg,NQyUk,IGrUF,0
dBJ1k.jpg,dBJ1k,YmK2N,0
WWPLX.jpg,WWPLX,oIGtu,0
y2m7l.jpg,y2m7l,jYsMI,0
xr547.jpg,xr547,aUCcx,0
W1u36.jpg,W1u36,Q1nbH,0
0AyAv.jpg,0AyAv,NApPh,0
5A60F.jpg,5A60F,n8zgc,0
35F61.jpg,35F61,uWvvV,0
aBKTb.jpg,aBKTb,XxGPT,0
OKqOo.jpg,OKqOo,nnpUp,0
XaM0e.jpg,XaM0e,vTIGc,0
eQ9KM.jpg,eQ9KM,hFIKP,0
Y51JR.jpg,Y51JR,CmbLz,0
hpv03.jpg,hpv03,IchXg,0
FZftq.jpg,FZftq,hOJui,0
98iRV.jpg,98iRV,rClPp,0
Oh90G.jpg,Oh90G,UGcCd,0
9o7O3.jpg,9o7O3,HGFUs,0
TeRLo.jpg,TeRLo,oCXAp,0
A7R7m.jpg,A7R7m,TDZdm,0
333Fj.jpg,333Fj,MXxAc,0
F8t5Q.jpg,F8t5Q,Znncd,0
lFARF.jpg,lFARF,UpEBx,0
CqV0K.jpg,CqV0K,PfMhc,0
J37jx.jpg,J37jx,pCmQz,0
vN75J.jpg,vN75J,PYzrh,0
vOm78.jpg,vOm78,AYuMz,0
9Rv0R.jpg,9Rv0R,BAFIt,0
y3VQM.jpg,y3VQM,LCF5b,0
Xn3iV.jpg,Xn3iV,BVPMG,0
t481n.jpg,t481n,CBVeI,0
q81cR.jpg,q81cR,AlPIp,0
kb17u.jpg,kb17u,QhuXB,0
tBhhx.jpg,tBhhx,wzsMP,0
Ro8mI.jpg,Ro8mI,xcXMT,0
0TWDh.jpg,0TWDh,iQfGB,0
1pkRu.jpg,1pkRu,1LCnI,0
I2S10.jpg,I2S10,EOJGW,0
47K6b.jpg,47K6b,vpBjE,0
p52lV.jpg,p52lV,rvGZz,0
ytfDh.jpg,ytfDh,OIV8t,0
HKfR3.jpg,HKfR3,nVrXc,0
njeL2.jpg,njeL2,QP8rB,0
mwgfh.jpg,mwgfh,MTArC,0
AVOLS.jpg,AVOLS,XnIYR,0
jElB5.jpg,jElB5,lAN6r,0
lLPwR.jpg,lLPwR,PJVsA,0
xeLg1.jpg,xeLg1,Zpenc,0
lOMq8.jpg,lOMq8,m23YM,0
Kbvpj.jpg,Kbvpj,hBAsJ,0
g2T0k.jpg,g2T0k,IciVr,0
CW5h2.jpg,CW5h2,hOcMn,0
Xe9gz.jpg,Xe9gz,tcVhU,0
cWweR.jpg,cWweR,ZmURp,0
30J5y.jpg,30J5y,zGbrB,0
xq5S2.jpg,xq5S2,JULGo,0
f73cj.jpg,f73cj,rsZh1,0
u51EW.jpg,u51EW,DSQPn,0
4qbSX.jpg,4qbSX,SMn1e,0
0X68M.jpg,0X68M,m9TFu,0
egE96.jpg,egE96,ECUid,0
330Uz.jpg,330Uz,WvEVs,0
0gqpS.jpg,0gqpS,tH8pc,0
fl20Z.jpg,fl20Z,dmBmx,0
Mo5Xv.jpg,Mo5Xv,UHJkn,0
2V0kb.jpg,2V0kb,ofmBb,0
9W426.jpg,9W426,wCOWB,0
3PDQ5.jpg,3PDQ5,GrHsc,0
EXL2d.jpg,EXL2d,xCipG,0
dJ031.jpg,dJ031,1NHpr,0
c0UA0.jpg,c0UA0,BAKGB,0
i7Fgr.jpg,i7Fgr,rccuN,0
nNcsP.jpg,nNcsP,mnscH,0
o91ad.jpg,o91ad,dh1yI,0
Zs1Xe.jpg,Zs1Xe,IppYG,0
A6m1p.jpg,A6m1p,ChsGH,0
PWjZ8.jpg,PWjZ8,mdumI,0
zx2Qa.jpg,zx2Qa,z6Jwy,0
v0E34.jpg,v0E34,MCYGz,0
wYt68.jpg,wYt68,nmvJO,0
D381m.jpg,D381m,pcpPn,0
jhskc.jpg,jhskc,VAtAI,0
FPXUa.jpg,FPXUa,FOrcU,0
T59F4.jpg,T59F4,IlUpY,0
0ofaS.jpg,0ofaS,XpVIt,0
cBu48.jpg,cBu48,cMcnQ,0
2zWtT.jpg,2zWtT,zGWJh,0
i4zQb.jpg,i4zQb,BJpMU,0
5ae36.jpg,5ae36,JhrGZ,0
M533m.jpg,M533m,V53pA,0
5DSN7.jpg,5DSN7,pRMct,0
Y7z42.jpg,Y7z42,T8GsQ,0
w9tH7.jpg,w9tH7,suITH,0
zEbZ3.jpg,zEbZ3,pGApr,0
SFjq3.jpg,SFjq3,XZsTb,0
zYlf7.jpg,zYlf7,OsBU1,0
4NPlx.jpg,4NPlx,GBdLQ,0
XU0F0.jpg,XU0F0,ihhBs,0
gLy7U.jpg,gLy7U,TUBbI,0
4NbqL.jpg,4NbqL,1HMeE,0
